"Idr�tsorganisationernes medlemmer efter alder, k�n, omr�de, aktivitet"
"og tid"

" ";" ";" ";" ";"2014";"2015";"2016";"2017";"2018";"2019";"2020";"2021";"2022"
"0-12 �r"
" ";"M�nd"
" ";" ";"Hele landet"
" ";" ";" ";"Atletik";1710;1380;1350;1400;1400;1420;1370;1360;1170
" ";" ";" ";"Amerikansk fodbold";180;200;240;310;300;370;330;280;220
" ";" ";" ";"Badminton";13800;12060;13270;14090;14940;15680;14940;15160;14980
" ";" ";" ";"Basketball";2550;2780;3130;3450;3490;3730;4530;5000;5980
" ";" ";" ";"Bordtennis";2280;2060;1990;1930;1810;2130;1980;1840;1700
" ";" ";" ";"Cykling";1390;1340;1510;2160;2050;2010;2040;1960;1790
" ";" ";" ";"Dans";530;740;520;570;540;620;550;760;730
" ";" ";" ";"Esport";..;..;..;680;2080;3470;3640;2390;2760
" ";" ";" ";"Fitness";290;300;700;630;870;960;870;640;1080
" ";" ";" ";"Fodbold";111740;109870;109120;105340;106030;103670;92230;104340;113790
" ";" ";" ";"Golf";2550;2380;2410;2360;2230;2160;2240;2440;2230
" ";" ";" ";"Gymnastik";55330;53210;54260;54340;51170;53060;49140;46850;50570
" ";" ";" ";"H�ndbold";23610;23250;23670;23860;23640;24030;23550;21740;23050
" ";" ";" ";"Ishockey";1400;1460;1590;1580;1620;1740;1820;1750;1870
" ";" ";" ";"Kano/Kajak";490;390;430;450;470;390;380;390;280
" ";" ";" ";"L�b";710;630;570;530;440;370;290;230;270
" ";" ";" ";"Padel";..;..;..;..;..;..;..;330;520
" ";" ";" ";"Ridning";1550;1530;1620;1470;1570;1500;1350;1380;1150
" ";" ";" ";"Roning";210;250;260;220;270;210;180;180;180
" ";" ";" ";"Sejlsport";1430;1360;1370;1390;1210;1260;1330;1320;1100
" ";" ";" ";"Skydning";4820;4730;4380;4020;3680;3530;2780;2640;2910
" ";" ";" ";"Styrkel�ft";20;20;30;30;80;90;80;60;60
" ";" ";" ";"Sv�mning";70970;71100;71430;69920;71890;72650;65100;62700;67520
" ";" ";" ";"Tennis";6220;6270;6420;6380;6550;6730;7030;6570;5710
" ";" ";" ";"Volleyball";1230;1260;1200;1160;1030;1090;1010;1000;770
" ";" ";" ";"V�gtl�ftning";100;80;90;100;120;80;80;70;80
" ";" ";"K�benhavn"
" ";" ";" ";"Atletik";180;170;100;150;170;170;170;150;110
" ";" ";" ";"Amerikansk fodbold";10;20;20;40;30;30;20;20;20
" ";" ";" ";"Badminton";510;510;580;570;630;690;670;680;820
" ";" ";" ";"Basketball";130;160;270;350;390;420;570;670;840
" ";" ";" ";"Bordtennis";90;90;110;90;110;120;130;140;160
" ";" ";" ";"Cykling";50;70;50;110;100;100;160;110;130
" ";" ";" ";"Dans";80;310;120;220;220;300;270;260;340
" ";" ";" ";"Esport";..;..;..;0;0;50;60;40;70
" ";" ";" ";"Fitness";0;0;0;10;0;10;20;0;0
" ";" ";" ";"Fodbold";6580;7280;7480;8260;8870;8920;7920;8920;9940
" ";" ";" ";"Golf";0;0;0;0;0;0;0;0;0
" ";" ";" ";"Gymnastik";1670;1670;1780;1650;1820;1730;2120;2310;2400
" ";" ";" ";"H�ndbold";460;400;540;600;660;910;940;930;1060
" ";" ";" ";"Ishockey";120;130;200;140;230;240;220;240;360
" ";" ";" ";"Kano/Kajak";30;30;10;10;20;20;20;20;10
" ";" ";" ";"L�b";10;80;150;40;0;20;10;0;20
" ";" ";" ";"Padel";..;..;..;..;..;..;..;0;0
" ";" ";" ";"Ridning";0;0;0;0;0;0;0;0;0
" ";" ";" ";"Roning";30;40;50;50;40;50;40;30;40
" ";" ";" ";"Sejlsport";120;70;50;50;40;40;40;50;40
" ";" ";" ";"Skydning";60;90;60;40;50;40;20;20;30
" ";" ";" ";"Styrkel�ft";0;0;0;0;0;0;0;0;0
" ";" ";" ";"Sv�mning";4090;4150;4230;4300;4460;4730;3890;3530;4160
" ";" ";" ";"Tennis";460;440;450;570;610;720;550;560;450
" ";" ";" ";"Volleyball";100;80;60;80;80;60;70;70;50
" ";" ";" ";"V�gtl�ftning";10;10;0;0;0;0;0;0;0
" ";"Kvinder"
" ";" ";"Hele landet"
" ";" ";" ";"Atletik";1790;1690;1550;1490;1390;1350;1350;1430;1220
" ";" ";" ";"Amerikansk fodbold";500;620;720;740;750;890;1020;950;1130
" ";" ";" ";"Badminton";8700;7890;8240;7940;7660;7460;7060;7610;7820
" ";" ";" ";"Basketball";1100;1170;1480;1680;1790;1950;2240;2350;2240
" ";" ";" ";"Bordtennis";310;330;270;240;240;230;230;190;150
" ";" ";" ";"Cykling";660;680;590;720;660;610;570;530;420
" ";" ";" ";"Dans";4100;3490;4480;5010;4770;4650;5210;4560;5430
" ";" ";" ";"Esport";..;..;..;30;60;140;200;220;280
" ";" ";" ";"Fitness";520;360;1370;1270;1480;1670;1780;1140;1310
" ";" ";" ";"Fodbold";28980;27730;27030;27070;27910;27660;24420;30760;32480
" ";" ";" ";"Golf";1200;1050;990;940;920;930;980;1080;940
" ";" ";" ";"Gymnastik";107940;106410;113790;117890;117050;119480;107740;102100;115480
" ";" ";" ";"H�ndbold";25830;25000;24840;24950;24540;24250;23430;22350;23880
" ";" ";" ";"Ishockey";150;150;210;220;290;280;310;310;400
" ";" ";" ";"Kano/Kajak";360;340;380;320;330;290;300;270;230
" ";" ";" ";"L�b";670;510;550;500;340;330;250;220;250
" ";" ";" ";"Padel";..;..;..;..;..;..;..;220;280
" ";" ";" ";"Ridning";19630;19380;18450;17960;18270;18650;18330;18590;18030
" ";" ";" ";"Roning";180;200;200;190;180;190;140;160;170
" ";" ";" ";"Sejlsport";780;800;900;840;790;840;820;870;820
" ";" ";" ";"Skydning";1480;1540;1630;1520;1450;1350;1090;1020;1060
" ";" ";" ";"Styrkel�ft";60;40;20;20;50;40;40;30;30
" ";" ";" ";"Sv�mning";76710;77610;77970;76050;77340;78070;69600;68800;75500
" ";" ";" ";"Tennis";5080;5170;4920;4800;4740;4920;4800;4710;4430
" ";" ";" ";"Volleyball";1550;1660;1420;1470;1340;1320;1260;1210;1080
" ";" ";" ";"V�gtl�ftning";60;60;70;90;120;110;90;140;140
" ";" ";"K�benhavn"
" ";" ";" ";"Atletik";200;190;80;140;170;180;190;180;150
" ";" ";" ";"Amerikansk fodbold";140;200;240;260;220;190;190;180;190
" ";" ";" ";"Badminton";370;360;370;390;430;380;410;400;530
" ";" ";" ";"Basketball";90;110;180;210;190;220;300;300;330
" ";" ";" ";"Bordtennis";20;30;20;10;10;10;10;10;10
" ";" ";" ";"Cykling";20;10;10;20;20;30;30;20;10
" ";" ";" ";"Dans";460;340;630;830;880;1050;1120;1090;1470
" ";" ";" ";"Esport";..;..;..;0;0;0;0;0;0
" ";" ";" ";"Fitness";10;0;10;40;40;20;30;10;0
" ";" ";" ";"Fodbold";1090;1180;1180;1450;1870;2000;1960;2410;2500
" ";" ";" ";"Golf";0;0;0;0;0;0;0;0;0
" ";" ";" ";"Gymnastik";3290;3220;3530;3880;4050;4080;4450;4590;5140
" ";" ";" ";"H�ndbold";580;490;680;680;710;880;850;820;930
" ";" ";" ";"Ishockey";20;20;50;30;50;50;50;80;100
" ";" ";" ";"Kano/Kajak";10;10;10;10;20;10;10;10;10
" ";" ";" ";"L�b";0;10;110;0;0;0;0;0;30
" ";" ";" ";"Padel";..;..;..;..;..;..;..;0;0
" ";" ";" ";"Ridning";0;0;0;0;0;0;0;0;0
" ";" ";" ";"Roning";50;70;60;50;40;50;30;30;30
" ";" ";" ";"Sejlsport";30;10;20;10;20;20;20;30;20
" ";" ";" ";"Skydning";10;10;10;10;10;20;10;10;10
" ";" ";" ";"Styrkel�ft";0;0;0;0;0;0;0;0;0
" ";" ";" ";"Sv�mning";4870;4980;5210;5360;5470;5890;4760;4420;5460
" ";" ";" ";"Tennis";350;360;370;440;440;520;420;470;420
" ";" ";" ";"Volleyball";110;80;70;110;100;80;90;70;80
" ";" ";" ";"V�gtl�ftning";0;0;0;0;0;0;0;10;10
"13-18 �r"
" ";"M�nd"
" ";" ";"Hele landet"
" ";" ";" ";"Atletik";1060;1060;940;940;860;860;890;860;800
" ";" ";" ";"Amerikansk fodbold";920;920;1040;930;830;840;800;760;700
" ";" ";" ";"Badminton";9810;8920;9290;9990;10440;10690;10850;10770;10950
" ";" ";" ";"Basketball";2680;2690;2980;3150;3240;3560;4280;4950;5820
" ";" ";" ";"Bordtennis";1680;1610;1530;1490;1500;1620;1420;1410;1340
" ";" ";" ";"Cykling";2010;1990;1930;2180;2060;2090;2010;2120;2080
" ";" ";" ";"Dans";250;290;230;170;170;180;170;210;290
" ";" ";" ";"Esport";..;..;..;950;2040;2870;2970;2080;1660
" ";" ";" ";"Fitness";8200;7870;8300;8710;9850;10520;10350;9430;12130
" ";" ";" ";"Fodbold";62960;62660;60700;58550;55920;54600;51330;54840;58510
" ";" ";" ";"Golf";4210;4140;3920;3770;3490;3530;4100;4440;4310
" ";" ";" ";"Gymnastik";6190;6260;6380;6290;6740;5950;5310;4510;3980
" ";" ";" ";"H�ndbold";12130;11650;11700;11640;11450;11920;11900;10960;11070
" ";" ";" ";"Ishockey";780;830;870;870;940;940;1050;1050;940
" ";" ";" ";"Kano/Kajak";1080;1040;1110;1080;1120;1030;940;940;810
" ";" ";" ";"L�b";860;770;1230;750;680;760;490;470;430
" ";" ";" ";"Padel";..;..;..;..;..;..;..;620;1140
" ";" ";" ";"Ridning";730;680;800;730;730;750;640;660;650
" ";" ";" ";"Roning";760;750;680;710;670;660;530;540;500
" ";" ";" ";"Sejlsport";1610;1620;1610;1520;1410;1430;1450;1510;1380
" ";" ";" ";"Skydning";4330;4030;3720;3630;3360;3350;3040;2800;3070
" ";" ";" ";"Styrkel�ft";420;590;500;480;550;500;490;470;560
" ";" ";" ";"Sv�mning";6430;6360;6370;6380;6460;6770;6480;6140;6540
" ";" ";" ";"Tennis";4320;4230;4190;4230;4170;4280;5250;5130;5040
" ";" ";" ";"Volleyball";1360;1380;1290;1180;1170;1260;1290;1400;1530
" ";" ";" ";"V�gtl�ftning";1100;730;910;860;870;800;650;740;760
" ";" ";"K�benhavn"
" ";" ";" ";"Atletik";110;120;50;120;100;100;130;100;90
" ";" ";" ";"Amerikansk fodbold";120;110;100;70;70;60;50;60;50
" ";" ";" ";"Badminton";330;330;340;340;390;460;480;480;470
" ";" ";" ";"Basketball";70;90;90;100;140;170;360;390;620
" ";" ";" ";"Bordtennis";70;60;80;60;90;110;70;70;80
" ";" ";" ";"Cykling";110;50;40;100;110;120;180;190;250
" ";" ";" ";"Dans";50;100;30;30;30;50;30;40;60
" ";" ";" ";"Esport";..;..;..;0;0;40;60;40;20
" ";" ";" ";"Fitness";30;80;40;90;40;50;40;40;40
" ";" ";" ";"Fodbold";3390;3370;3460;3780;3060;3330;3230;3450;4040
" ";" ";" ";"Golf";20;80;20;20;10;0;0;0;0
" ";" ";" ";"Gymnastik";190;190;190;200;280;230;180;240;190
" ";" ";" ";"H�ndbold";210;180;240;240;230;360;370;360;370
" ";" ";" ";"Ishockey";20;20;40;50;70;70;60;70;70
" ";" ";" ";"Kano/Kajak";30;20;40;30;30;30;30;30;40
" ";" ";" ";"L�b";0;30;80;10;10;20;20;20;30
" ";" ";" ";"Padel";..;..;..;..;..;..;..;0;0
" ";" ";" ";"Ridning";0;0;0;0;0;0;0;0;0
" ";" ";" ";"Roning";130;130;120;130;140;120;120;130;100
" ";" ";" ";"Sejlsport";120;60;70;70;70;60;60;80;60
" ";" ";" ";"Skydning";150;140;120;140;120;120;100;110;100
" ";" ";" ";"Styrkel�ft";0;0;0;20;0;0;0;0;10
" ";" ";" ";"Sv�mning";270;290;290;300;260;280;310;300;360
" ";" ";" ";"Tennis";210;210;230;240;300;270;370;360;430
" ";" ";" ";"Volleyball";130;160;90;130;110;140;130;140;130
" ";" ";" ";"V�gtl�ftning";20;20;20;20;20;20;30;30;20
" ";"Kvinder"
" ";" ";"Hele landet"
" ";" ";" ";"Atletik";1220;1230;1190;1250;1160;1040;1060;1010;920
" ";" ";" ";"Amerikansk fodbold";410;520;650;590;550;670;800;650;650
" ";" ";" ";"Badminton";5640;5270;5250;5550;5630;5440;5170;5160;5220
" ";" ";" ";"Basketball";1000;970;980;890;970;990;1140;1170;1220
" ";" ";" ";"Bordtennis";190;250;240;190;180;180;160;140;150
" ";" ";" ";"Cykling";540;510;470;550;470;510;440;410;390
" ";" ";" ";"Dans";1380;1290;1510;1810;1630;1920;1860;1620;1510
" ";" ";" ";"Esport";..;..;..;20;50;90;90;100;150
" ";" ";" ";"Fitness";6180;5900;6530;7150;7850;8130;7560;6510;7710
" ";" ";" ";"Fodbold";21020;20090;19470;17980;17730;17580;16600;17200;17370
" ";" ";" ";"Golf";1430;1430;1110;960;900;870;980;1010;1000
" ";" ";" ";"Gymnastik";15790;16450;17900;18840;19480;20300;19190;16100;15380
" ";" ";" ";"H�ndbold";14340;13750;13480;13360;13190;13580;13520;12400;12710
" ";" ";" ";"Ishockey";90;110;120;150;170;170;190;210;200
" ";" ";" ";"Kano/Kajak";600;610;650;680;760;700;600;610;460
" ";" ";" ";"L�b";870;750;850;680;670;620;460;450;380
" ";" ";" ";"Padel";..;..;..;..;..;..;..;320;510
" ";" ";" ";"Ridning";15170;15400;14830;14070;13560;13580;13560;14100;14580
" ";" ";" ";"Roning";460;450;420;460;440;440;360;400;340
" ";" ";" ";"Sejlsport";830;850;890;840;790;810;890;930;880
" ";" ";" ";"Skydning";1350;1310;1230;1150;1280;1320;1200;1210;1200
" ";" ";" ";"Styrkel�ft";130;190;170;180;190;220;200;160;170
" ";" ";" ";"Sv�mning";6670;6710;6630;7020;7260;7210;6940;6160;6530
" ";" ";" ";"Tennis";3670;3520;3540;3550;3530;3590;4420;4470;4090
" ";" ";" ";"Volleyball";1930;1940;1860;1660;1590;1680;1840;2170;2210
" ";" ";" ";"V�gtl�ftning";620;280;590;550;600;580;690;420;400
" ";" ";"K�benhavn"
" ";" ";" ";"Atletik";140;160;60;160;140;110;140;120;100
" ";" ";" ";"Amerikansk fodbold";120;180;230;190;150;140;200;120;120
" ";" ";" ";"Badminton";240;260;230;220;240;250;260;290;280
" ";" ";" ";"Basketball";50;30;60;60;60;40;80;100;100
" ";" ";" ";"Bordtennis";10;20;40;10;10;10;0;10;10
" ";" ";" ";"Cykling";30;0;0;10;20;20;20;20;20
" ";" ";" ";"Dans";190;170;180;190;150;170;200;250;230
" ";" ";" ";"Esport";..;..;..;0;0;0;0;0;0
" ";" ";" ";"Fitness";40;100;80;100;60;90;60;80;50
" ";" ";" ";"Fodbold";740;850;820;790;840;880;850;940;1140
" ";" ";" ";"Golf";10;70;10;0;10;0;0;0;0
" ";" ";" ";"Gymnastik";330;370;400;460;550;550;580;590;630
" ";" ";" ";"H�ndbold";270;260;250;280;340;380;400;390;400
" ";" ";" ";"Ishockey";0;10;10;10;10;20;20;20;10
" ";" ";" ";"Kano/Kajak";10;10;20;20;30;30;20;30;20
" ";" ";" ";"L�b";0;30;100;10;0;0;10;10;30
" ";" ";" ";"Padel";..;..;..;..;..;..;..;0;0
" ";" ";" ";"Ridning";0;0;0;0;0;0;0;0;0
" ";" ";" ";"Roning";100;100;100;100;110;100;90;90;60
" ";" ";" ";"Sejlsport";30;10;10;20;20;20;20;30;40
" ";" ";" ";"Skydning";40;40;30;20;20;40;20;30;30
" ";" ";" ";"Styrkel�ft";0;0;0;10;0;0;0;0;0
" ";" ";" ";"Sv�mning";440;440;490;540;440;440;520;420;490
" ";" ";" ";"Tennis";150;170;220;220;240;230;320;310;290
" ";" ";" ";"Volleyball";200;240;130;180;130;150;130;320;140
" ";" ";" ";"V�gtl�ftning";30;20;20;20;10;10;20;20;10
"19-24 �r"
" ";"M�nd"
" ";" ";"Hele landet"
" ";" ";" ";"Atletik";740;560;430;460;450;500;440;440;390
" ";" ";" ";"Amerikansk fodbold";890;760;680;650;550;590;530;470;350
" ";" ";" ";"Badminton";3730;3610;3810;3630;3460;3330;3270;3100;3270
" ";" ";" ";"Basketball";1220;1310;1270;1400;1240;1250;1080;1120;1360
" ";" ";" ";"Bordtennis";520;560;470;490;470;480;380;350;360
" ";" ";" ";"Cykling";1930;2200;1990;2010;1460;1390;1230;1180;1170
" ";" ";" ";"Dans";300;290;230;450;240;250;170;240;330
" ";" ";" ";"Esport";..;..;..;240;330;600;530;660;380
" ";" ";" ";"Fitness";13450;14010;13840;15070;14910;14790;13840;12650;13920
" ";" ";" ";"Fodbold";38900;39920;38990;38150;37020;37760;36190;39580;39200
" ";" ";" ";"Golf";4120;4180;4280;4510;4190;4370;5510;6770;6860
" ";" ";" ";"Gymnastik";2350;2280;2210;2150;2310;4720;2090;1940;1910
" ";" ";" ";"H�ndbold";5930;5640;5460;5320;5060;5130;4990;5010;5100
" ";" ";" ";"Ishockey";280;300;340;350;370;390;430;400;430
" ";" ";" ";"Kano/Kajak";700;790;700;690;710;740;620;730;610
" ";" ";" ";"L�b";2870;2950;3120;3040;2690;3160;2610;2360;2620
" ";" ";" ";"Padel";..;..;..;..;..;..;..;880;1330
" ";" ";" ";"Ridning";420;360;420;360;330;340;350;320;290
" ";" ";" ";"Roning";450;380;390;390;380;400;380;350;360
" ";" ";" ";"Sejlsport";880;1020;1030;1130;1140;1030;1260;1260;1190
" ";" ";" ";"Skydning";3030;2740;2490;2620;2520;2510;2300;2320;2440
" ";" ";" ";"Styrkel�ft";1510;1520;1340;1090;1210;1000;970;1040;1250
" ";" ";" ";"Sv�mning";1990;2050;1820;2220;2440;2270;2250;1750;1810
" ";" ";" ";"Tennis";1860;1880;1960;2230;2090;2300;3660;3310;2760
" ";" ";" ";"Volleyball";1350;1400;1360;1260;1260;1240;1330;1360;1390
" ";" ";" ";"V�gtl�ftning";2440;2090;1900;1860;1380;1030;780;820;840
" ";" ";"K�benhavn"
" ";" ";" ";"Atletik";240;160;60;70;90;150;100;100;70
" ";" ";" ";"Amerikansk fodbold";150;120;90;90;70;70;70;40;30
" ";" ";" ";"Badminton";450;440;380;320;300;270;210;210;290
" ";" ";" ";"Basketball";180;160;150;150;140;150;170;210;280
" ";" ";" ";"Bordtennis";70;90;50;50;40;40;30;30;50
" ";" ";" ";"Cykling";400;570;510;490;250;190;250;210;250
" ";" ";" ";"Dans";100;130;100;190;60;110;70;80;140
" ";" ";" ";"Esport";..;..;..;0;10;50;50;30;50
" ";" ";" ";"Fitness";2060;2160;2190;2470;1990;2250;2260;2250;2180
" ";" ";" ";"Fodbold";6040;6100;5330;5330;4720;4360;4230;5020;5080
" ";" ";" ";"Golf";170;260;150;200;180;110;50;100;120
" ";" ";" ";"Gymnastik";320;280;230;180;170;2650;130;160;180
" ";" ";" ";"H�ndbold";240;170;180;190;150;190;150;200;190
" ";" ";" ";"Ishockey";10;0;20;0;10;10;20;20;30
" ";" ";" ";"Kano/Kajak";80;110;60;60;90;90;70;90;110
" ";" ";" ";"L�b";1120;1500;1510;1290;1390;1800;1490;1390;1400
" ";" ";" ";"Padel";..;..;..;..;..;..;..;0;50
" ";" ";" ";"Ridning";0;0;0;0;0;0;0;0;0
" ";" ";" ";"Roning";100;70;60;80;80;100;90;100;80
" ";" ";" ";"Sejlsport";120;160;100;120;160;120;120;150;130
" ";" ";" ";"Skydning";230;200;250;260;290;290;200;200;180
" ";" ";" ";"Styrkel�ft";20;20;50;30;40;40;20;40;30
" ";" ";" ";"Sv�mning";240;290;180;200;200;240;190;180;230
" ";" ";" ";"Tennis";190;180;160;210;210;270;330;330;260
" ";" ";" ";"Volleyball";140;160;130;120;140;130;160;160;230
" ";" ";" ";"V�gtl�ftning";150;410;150;120;100;90;70;40;20
" ";"Kvinder"
" ";" ";"Hele landet"
" ";" ";" ";"Atletik";630;490;360;400;470;480;410;430;350
" ";" ";" ";"Amerikansk fodbold";100;120;100;120;100;160;210;130;190
" ";" ";" ";"Badminton";2270;2260;2150;1950;1970;2070;2090;1940;1950
" ";" ";" ";"Basketball";500;470;460;370;410;380;370;360;330
" ";" ";" ";"Bordtennis";80;70;60;50;60;50;50;40;60
" ";" ";" ";"Cykling";870;870;740;680;500;410;440;380;350
" ";" ";" ";"Dans";1390;1250;1130;1540;1040;1060;920;940;1180
" ";" ";" ";"Esport";..;..;..;10;40;40;40;40;40
" ";" ";" ";"Fitness";11480;11890;13020;13550;13920;13580;12050;10950;12000
" ";" ";" ";"Fodbold";7280;7570;7860;7640;7350;7940;7640;8870;8730
" ";" ";" ";"Golf";980;1090;840;960;750;670;830;940;960
" ";" ";" ";"Gymnastik";6160;6020;5530;5430;5430;5680;5980;5370;5870
" ";" ";" ";"H�ndbold";6300;6180;5870;5640;5610;5590;5520;5430;5660
" ";" ";" ";"Ishockey";50;50;50;80;80;70;80;100;110
" ";" ";" ";"Kano/Kajak";440;510;470;520;600;600;530;630;580
" ";" ";" ";"L�b";2240;2630;2600;2970;2510;2900;2300;2190;2290
" ";" ";" ";"Padel";..;..;..;..;..;..;..;300;450
" ";" ";" ";"Ridning";6520;6560;6380;5980;5670;5690;5210;5080;5190
" ";" ";" ";"Roning";270;260;230;240;250;290;290;320;290
" ";" ";" ";"Sejlsport";390;440;470;590;680;640;750;740;740
" ";" ";" ";"Skydning";680;700;680;680;690;700;690;690;760
" ";" ";" ";"Styrkel�ft";420;480;460;410;490;450;410;390;440
" ";" ";" ";"Sv�mning";2570;2740;2530;3160;3200;3200;3120;2820;2870
" ";" ";" ";"Tennis";1080;1090;1090;1130;1190;1390;1940;2100;1870
" ";" ";" ";"Volleyball";1230;1290;1200;1300;1260;1320;1450;1400;1480
" ";" ";" ";"V�gtl�ftning";1030;1140;880;850;810;750;650;510;680
" ";" ";"K�benhavn"
" ";" ";" ";"Atletik";240;170;90;100;130;180;140;140;100
" ";" ";" ";"Amerikansk fodbold";40;60;50;50;40;30;70;40;40
" ";" ";" ";"Badminton";530;600;350;220;300;330;280;270;330
" ";" ";" ";"Basketball";130;140;110;80;80;80;90;120;90
" ";" ";" ";"Bordtennis";20;20;10;10;10;10;0;0;10
" ";" ";" ";"Cykling";170;200;240;190;160;90;190;160;140
" ";" ";" ";"Dans";840;820;690;940;550;650;610;570;700
" ";" ";" ";"Esport";..;..;..;0;10;0;0;0;10
" ";" ";" ";"Fitness";2670;3040;3130;3350;2920;3280;3220;3200;3210
" ";" ";" ";"Fodbold";830;1220;980;910;990;980;880;990;960
" ";" ";" ";"Golf";90;100;30;220;100;30;20;30;50
" ";" ";" ";"Gymnastik";790;900;860;870;810;690;840;730;880
" ";" ";" ";"H�ndbold";320;310;230;210;250;270;200;180;240
" ";" ";" ";"Ishockey";0;0;0;0;10;10;10;10;10
" ";" ";" ";"Kano/Kajak";40;110;70;110;150;140;110;140;190
" ";" ";" ";"L�b";1100;1590;1450;1400;1500;1860;1550;1450;1440
" ";" ";" ";"Padel";..;..;..;..;..;..;..;0;10
" ";" ";" ";"Ridning";30;0;10;0;0;0;0;0;0
" ";" ";" ";"Roning";70;70;50;60;50;70;70;80;80
" ";" ";" ";"Sejlsport";50;60;40;70;120;90;70;80;80
" ";" ";" ";"Skydning";60;60;80;50;70;70;60;50;60
" ";" ";" ";"Styrkel�ft";10;10;20;10;10;10;10;10;10
" ";" ";" ";"Sv�mning";520;540;450;510;480;570;460;490;520
" ";" ";" ";"Tennis";170;170;130;160;150;170;180;260;210
" ";" ";" ";"Volleyball";220;220;220;230;210;230;280;250;380
" ";" ";" ";"V�gtl�ftning";40;310;70;40;40;40;40;30;20
"25-59 �r"
" ";"M�nd"
" ";" ";"Hele landet"
" ";" ";" ";"Atletik";7160;4410;2240;1850;1600;1540;1400;1740;1370
" ";" ";" ";"Amerikansk fodbold";770;860;900;890;810;770;770;800;740
" ";" ";" ";"Badminton";45430;41880;41400;40520;39480;38360;36650;34900;34680
" ";" ";" ";"Basketball";2350;2300;2570;2450;2920;2980;3110;3110;3370
" ";" ";" ";"Bordtennis";3650;3700;3570;3520;3580;3640;3110;2940;3080
" ";" ";" ";"Cykling";28310;30440;30550;29870;28960;27630;26640;25700;23480
" ";" ";" ";"Dans";3540;3260;3190;3210;2880;2910;2300;2240;2400
" ";" ";" ";"Esport";..;..;..;270;680;1060;1240;1440;1500
" ";" ";" ";"Fitness";48190;51380;58330;57310;60960;61850;57370;52310;56170
" ";" ";" ";"Fodbold";87800;87640;85240;84740;89130;88120;83960;87830;87210
" ";" ";" ";"Golf";57460;55490;57200;57090;54920;55850;57390;59740;59860
" ";" ";" ";"Gymnastik";17330;16880;12390;11820;11850;11030;9720;9530;10020
" ";" ";" ";"H�ndbold";11440;11280;11060;11080;11290;11140;11120;10250;10920
" ";" ";" ";"Ishockey";1330;1390;1420;1620;1680;1930;2170;2230;2060
" ";" ";" ";"Kano/Kajak";10650;10550;10440;10300;10320;10340;9960;10150;9480
" ";" ";" ";"L�b";25340;26480;27080;25710;24270;28930;22990;21890;21020
" ";" ";" ";"Padel";..;..;..;..;..;..;..;5750;9800
" ";" ";" ";"Ridning";3300;3110;3010;2950;2860;2580;2390;2220;2060
" ";" ";" ";"Roning";3580;3410;3290;3200;3140;3040;2780;2760;2800
" ";" ";" ";"Sejlsport";23990;22710;22390;21840;20770;21550;22100;22500;22730
" ";" ";" ";"Skydning";35350;31300;29130;29420;29360;28720;27060;27150;26410
" ";" ";" ";"Styrkel�ft";2050;2770;2600;2490;2960;2910;2790;2680;3050
" ";" ";" ";"Sv�mning";15810;17320;16910;20510;19940;21840;21110;21820;25190
" ";" ";" ";"Tennis";20810;19720;19230;19170;19650;20340;25250;23740;22630
" ";" ";" ";"Volleyball";5640;5400;5400;5190;5390;5400;5160;5060;5140
" ";" ";" ";"V�gtl�ftning";3790;2410;2970;2740;3520;3660;3320;3350;3520
" ";" ";"K�benhavn"
" ";" ";" ";"Atletik";2540;1260;460;260;150;120;100;220;130
" ";" ";" ";"Amerikansk fodbold";180;190;200;190;190;150;140;130;120
" ";" ";" ";"Badminton";3940;3890;3800;3510;3310;2930;2870;2610;2830
" ";" ";" ";"Basketball";560;530;670;600;690;700;830;910;970
" ";" ";" ";"Bordtennis";970;930;860;830;800;670;560;570;580
" ";" ";" ";"Cykling";4190;4420;4380;3900;3800;3150;3050;3030;2620
" ";" ";" ";"Dans";580;590;830;680;580;810;590;550;730
" ";" ";" ";"Esport";..;..;..;20;70;150;150;110;260
" ";" ";" ";"Fitness";9650;9830;13510;11220;11040;11490;10690;10090;7710
" ";" ";" ";"Fodbold";19150;18770;17350;17600;17830;17490;16890;16450;16550
" ";" ";" ";"Golf";3650;3440;3600;3280;3170;2750;2480;2380;2240
" ";" ";" ";"Gymnastik";4320;4170;1350;1050;960;760;680;700;900
" ";" ";" ";"H�ndbold";1000;910;830;750;870;680;720;640;660
" ";" ";" ";"Ishockey";130;120;120;100;270;310;390;320;320
" ";" ";" ";"Kano/Kajak";1170;1200;1220;1210;1320;1330;1240;1360;1340
" ";" ";" ";"L�b";8410;10030;10000;8670;9020;12850;9000;8090;7280
" ";" ";" ";"Padel";..;..;..;..;..;..;..;100;490
" ";" ";" ";"Ridning";30;30;30;30;10;20;10;10;20
" ";" ";" ";"Roning";780;760;660;680;670;720;670;680;720
" ";" ";" ";"Sejlsport";4850;3620;3660;3300;3530;3600;3590;3840;3830
" ";" ";" ";"Skydning";4990;4730;5360;5270;5760;5540;4930;5380;4260
" ";" ";" ";"Styrkel�ft";80;120;130;70;90;80;70;70;70
" ";" ";" ";"Sv�mning";3070;4390;4070;4660;4080;4960;5070;5290;6100
" ";" ";" ";"Tennis";2980;2840;2950;2930;3120;3360;3990;4050;3740
" ";" ";" ";"Volleyball";910;770;800;700;770;670;760;760;810
" ";" ";" ";"V�gtl�ftning";350;560;270;230;240;240;270;230;270
" ";"Kvinder"
" ";" ";"Hele landet"
" ";" ";" ";"Atletik";5690;3870;1680;1170;1070;1040;1060;1470;1020
" ";" ";" ";"Amerikansk fodbold";50;40;90;110;110;150;170;170;180
" ";" ";" ";"Badminton";18460;17470;17220;16530;15990;15350;15200;14280;14450
" ";" ";" ";"Basketball";810;820;960;990;1100;1180;1210;1130;1220
" ";" ";" ";"Bordtennis";480;450;420;430;430;450;530;470;490
" ";" ";" ";"Cykling";8570;8960;8630;8230;8170;7680;7470;7140;6140
" ";" ";" ";"Dans";10180;9230;9510;9280;8420;8380;7040;7190;7430
" ";" ";" ";"Esport";..;..;..;70;110;190;130;240;300
" ";" ";" ";"Fitness";51740;51980;72640;72570;76870;78900;71130;64360;68990
" ";" ";" ";"Fodbold";9440;10370;10670;11290;12610;13670;12900;14490;14260
" ";" ";" ";"Golf";22060;22390;18980;17580;16210;16050;16470;17430;17360
" ";" ";" ";"Gymnastik";60120;56790;43410;41360;38690;39440;35230;33340;37680
" ";" ";" ";"H�ndbold";11390;11350;11270;11280;11660;11620;11520;10910;11860
" ";" ";" ";"Ishockey";100;110;130;140;180;250;270;270;320
" ";" ";" ";"Kano/Kajak";8140;8140;8320;8590;8950;9220;9220;10040;9640
" ";" ";" ";"L�b";24170;24420;25290;23400;23010;26940;21530;21430;20420
" ";" ";" ";"Padel";..;..;..;..;..;..;..;2220;4300
" ";" ";" ";"Ridning";19130;19420;18920;18400;18310;18280;17790;18020;18230
" ";" ";" ";"Roning";3750;3550;3470;3470;3320;3210;2850;3090;2970
" ";" ";" ";"Sejlsport";6220;6270;6490;6690;6980;6950;7600;7790;7750
" ";" ";" ";"Skydning";4600;4160;3700;3990;4040;4440;3980;4280;4140
" ";" ";" ";"Styrkel�ft";710;1080;1190;950;1220;1270;1170;1130;1350
" ";" ";" ";"Sv�mning";24550;25890;27130;32540;33030;34920;33310;34780;41610
" ";" ";" ";"Tennis";11290;10800;10390;10390;10700;11010;13300;13640;13510
" ";" ";" ";"Volleyball";3820;3670;3870;3770;3750;3780;3810;3670;3840
" ";" ";" ";"V�gtl�ftning";2490;1290;1990;1820;2510;2760;3000;2670;2890
" ";" ";"K�benhavn"
" ";" ";" ";"Atletik";1600;940;380;190;80;60;60;160;70
" ";" ";" ";"Amerikansk fodbold";20;10;40;50;60;70;60;60;50
" ";" ";" ";"Badminton";2010;2050;2190;1700;1660;1670;1560;1440;1570
" ";" ";" ";"Basketball";240;200;270;220;240;280;310;330;340
" ";" ";" ";"Bordtennis";140;130;100;100;80;70;70;90;120
" ";" ";" ";"Cykling";1410;1490;1400;1270;1660;1330;1410;1400;1120
" ";" ";" ";"Dans";1710;1700;2400;1970;1830;2140;1810;1960;2370
" ";" ";" ";"Esport";..;..;..;10;20;30;20;20;80
" ";" ";" ";"Fitness";9060;9250;13490;12130;11670;12300;11740;10950;8820
" ";" ";" ";"Fodbold";1320;1640;1450;1500;1880;2000;2150;2280;2040
" ";" ";" ";"Golf";960;1000;850;640;780;760;840;860;750
" ";" ";" ";"Gymnastik";6390;6270;2740;2670;2430;1910;1870;2240;2670
" ";" ";" ";"H�ndbold";760;700;660;610;690;610;650;670;670
" ";" ";" ";"Ishockey";20;10;0;0;60;60;60;70;60
" ";" ";" ";"Kano/Kajak";740;850;910;950;1080;1190;1170;1430;1450
" ";" ";" ";"L�b";6910;7980;8020;6910;7520;10610;8400;7780;7110
" ";" ";" ";"Padel";..;..;..;..;..;..;..;30;210
" ";" ";" ";"Ridning";300;270;200;120;170;90;80;70;30
" ";" ";" ";"Roning";660;670;700;820;790;790;740;800;820
" ";" ";" ";"Sejlsport";1370;1030;1160;1430;1080;1210;1530;1350;1340
" ";" ";" ";"Skydning";630;590;430;640;660;910;680;690;630
" ";" ";" ";"Styrkel�ft";30;50;70;40;30;20;30;30;30
" ";" ";" ";"Sv�mning";4460;4360;5920;6480;6870;7500;7460;7640;8550
" ";" ";" ";"Tennis";1260;1510;1320;1250;1290;1500;1840;2120;1940
" ";" ";" ";"Volleyball";800;620;770;650;540;570;650;540;690
" ";" ";" ";"V�gtl�ftning";70;330;70;50;60;80;120;110;110
"60 �r og derover"
" ";"M�nd"
" ";" ";"Hele landet"
" ";" ";" ";"Atletik";1580;1480;800;730;740;730;700;710;760
" ";" ";" ";"Amerikansk fodbold";0;0;10;10;0;10;10;10;10
" ";" ";" ";"Badminton";19570;20100;20230;20630;21520;21530;20800;20710;19850
" ";" ";" ";"Basketball";110;120;150;140;120;130;130;140;160
" ";" ";" ";"Bordtennis";1760;1870;1980;2400;2830;3400;3070;3370;3780
" ";" ";" ";"Cykling";6130;6700;6630;7130;7550;8030;8280;8810;9420
" ";" ";" ";"Dans";6880;7110;6670;7040;6190;5660;4920;4810;4520
" ";" ";" ";"Esport";..;..;..;40;10;30;30;30;100
" ";" ";" ";"Fitness";11530;12750;14630;16650;18650;20420;19280;18540;19800
" ";" ";" ";"Fodbold";6020;6440;7060;7200;8270;8690;9240;9620;10120
" ";" ";" ";"Golf";40630;41380;42610;44140;45880;46640;47290;50500;52100
" ";" ";" ";"Gymnastik";14340;14540;13520;13700;13500;13020;11710;11850;11750
" ";" ";" ";"H�ndbold";570;590;560;520;550;630;600;600;630
" ";" ";" ";"Ishockey";40;20;40;40;70;90;100;130;150
" ";" ";" ";"Kano/Kajak";3510;3930;4060;4460;4930;5280;5770;6030;6290
" ";" ";" ";"L�b";4420;4790;5320;5790;6110;7140;6050;6070;5920
" ";" ";" ";"Padel";..;..;..;..;..;..;..;640;1070
" ";" ";" ";"Ridning";1430;1410;1440;1430;1540;1520;1480;1470;1460
" ";" ";" ";"Roning";3340;3390;3410;3600;3860;4050;4070;4060;4150
" ";" ";" ";"Sejlsport";16210;16590;16720;17010;17480;18060;17960;18410;18710
" ";" ";" ";"Skydning";17250;15590;14380;14510;14970;14570;14720;14920;14770
" ";" ";" ";"Styrkel�ft";580;350;330;380;440;390;600;640;440
" ";" ";" ";"Sv�mning";6000;6310;5780;7040;7790;8480;7690;8270;9290
" ";" ";" ";"Tennis";12110;12970;13120;13520;14150;14540;15080;15070;15190
" ";" ";" ";"Volleyball";580;640;670;780;800;890;850;880;1000
" ";" ";" ";"V�gtl�ftning";1200;400;950;940;1050;1010;970;950;880
" ";" ";"K�benhavn"
" ";" ";" ";"Atletik";330;280;80;50;40;40;40;30;40
" ";" ";" ";"Amerikansk fodbold";0;0;0;0;0;0;0;0;0
" ";" ";" ";"Badminton";1120;1140;1040;930;990;860;870;850;820
" ";" ";" ";"Basketball";20;20;20;20;30;30;30;40;40
" ";" ";" ";"Bordtennis";290;300;290;350;350;340;280;310;370
" ";" ";" ";"Cykling";470;560;540;610;540;410;400;430;370
" ";" ";" ";"Dans";200;190;230;300;250;280;160;220;260
" ";" ";" ";"Esport";..;..;..;0;0;20;10;10;90
" ";" ";" ";"Fitness";840;560;760;830;840;910;880;800;900
" ";" ";" ";"Fodbold";990;1010;1060;1000;1160;1050;1030;1050;1050
" ";" ";" ";"Golf";690;650;830;770;940;910;820;830;840
" ";" ";" ";"Gymnastik";690;690;590;510;450;390;500;410;440
" ";" ";" ";"H�ndbold";170;140;140;90;120;150;150;150;120
" ";" ";" ";"Ishockey";10;0;0;0;10;10;20;20;20
" ";" ";" ";"Kano/Kajak";70;100;100;130;150;170;200;200;210
" ";" ";" ";"L�b";690;930;1110;1310;1430;1890;1130;1110;880
" ";" ";" ";"Padel";..;..;..;..;..;..;..;10;30
" ";" ";" ";"Ridning";0;0;0;0;10;10;0;0;0
" ";" ";" ";"Roning";310;290;290;420;500;640;600;640;700
" ";" ";" ";"Sejlsport";1900;1510;1710;1630;1680;1700;1680;1780;1820
" ";" ";" ";"Skydning";1560;1400;1320;1330;1350;1460;1410;1540;1310
" ";" ";" ";"Styrkel�ft";0;0;0;10;0;0;0;10;10
" ";" ";" ";"Sv�mning";420;1080;590;700;940;720;820;860;910
" ";" ";" ";"Tennis";560;630;650;670;780;780;860;820;820
" ";" ";" ";"Volleyball";20;20;40;40;30;30;50;50;60
" ";" ";" ";"V�gtl�ftning";40;30;30;30;20;30;30;20;40
" ";"Kvinder"
" ";" ";"Hele landet"
" ";" ";" ";"Atletik";1620;1380;800;700;680;640;590;590;640
" ";" ";" ";"Amerikansk fodbold";0;0;10;0;0;0;10;0;0
" ";" ";" ";"Badminton";9450;10460;9860;10040;10150;10290;9640;9520;8900
" ";" ";" ";"Basketball";20;40;50;40;40;60;50;30;40
" ";" ";" ";"Bordtennis";230;240;280;370;550;770;680;770;840
" ";" ";" ";"Cykling";2560;2670;2210;2340;2230;2290;2400;2430;2320
" ";" ";" ";"Dans";13820;13390;12840;13060;13130;12180;10820;10160;10300
" ";" ";" ";"Esport";..;..;..;40;10;10;0;10;40
" ";" ";" ";"Fitness";13500;15050;20750;23810;25720;29180;27830;26070;28410
" ";" ";" ";"Fodbold";270;350;300;300;450;430;460;520;680
" ";" ";" ";"Golf";26930;27330;26950;27430;26640;26980;27040;29390;29140
" ";" ";" ";"Gymnastik";44750;44930;41030;40430;40080;38670;34010;34800;36250
" ";" ";" ";"H�ndbold";630;650;670;700;570;570;520;480;450
" ";" ";" ";"Ishockey";0;0;0;0;0;0;0;0;0
" ";" ";" ";"Kano/Kajak";1850;2090;2230;2550;2840;3210;3560;3890;4070
" ";" ";" ";"L�b";3820;3980;4410;5000;5110;6100;5240;5140;5390
" ";" ";" ";"Padel";..;..;..;..;..;..;..;250;470
" ";" ";" ";"Ridning";1600;1830;1920;2070;2230;2400;2630;2870;3070
" ";" ";" ";"Roning";2450;2700;2800;3070;3320;3610;3490;3700;3810
" ";" ";" ";"Sejlsport";3450;3440;3760;3770;4430;4010;4280;4280;4440
" ";" ";" ";"Skydning";1390;1350;1280;1330;1360;1560;1380;1490;1320
" ";" ";" ";"Styrkel�ft";690;170;180;170;220;170;360;360;220
" ";" ";" ";"Sv�mning";14870;14500;14280;15650;17100;17780;17390;17740;20260
" ";" ";" ";"Tennis";6090;6450;6310;6620;7170;7160;7470;7660;7860
" ";" ";" ";"Volleyball";450;510;420;490;510;460;430;410;480
" ";" ";" ";"V�gtl�ftning";920;180;720;710;740;760;830;730;690
" ";" ";"K�benhavn"
" ";" ";" ";"Atletik";220;140;50;20;20;30;20;30;20
" ";" ";" ";"Amerikansk fodbold";0;0;0;0;0;0;0;0;0
" ";" ";" ";"Badminton";510;510;410;470;480;440;350;370;340
" ";" ";" ";"Basketball";10;0;10;10;10;10;0;10;10
" ";" ";" ";"Bordtennis";60;40;40;10;50;70;50;60;70
" ";" ";" ";"Cykling";200;210;220;420;210;260;240;280;160
" ";" ";" ";"Dans";440;380;400;550;430;460;310;350;470
" ";" ";" ";"Esport";..;..;..;0;0;0;0;0;30
" ";" ";" ";"Fitness";700;490;1450;1120;1220;980;1150;1270;1200
" ";" ";" ";"Fodbold";40;30;40;20;40;30;30;30;60
" ";" ";" ";"Golf";210;190;270;230;260;360;220;260;270
" ";" ";" ";"Gymnastik";2150;2240;1930;1810;1870;1100;1360;1440;1380
" ";" ";" ";"H�ndbold";230;190;230;170;180;180;100;40;50
" ";" ";" ";"Ishockey";0;0;0;0;0;0;0;0;0
" ";" ";" ";"Kano/Kajak";40;50;50;100;100;90;110;130;150
" ";" ";" ";"L�b";650;750;830;1110;920;1330;670;690;700
" ";" ";" ";"Padel";..;..;..;..;..;..;..;0;0
" ";" ";" ";"Ridning";0;0;10;10;10;10;10;10;0
" ";" ";" ";"Roning";170;180;210;400;490;640;600;640;730
" ";" ";" ";"Sejlsport";610;370;410;530;350;380;480;420;450
" ";" ";" ";"Skydning";150;140;100;90;100;170;110;120;90
" ";" ";" ";"Styrkel�ft";0;0;0;0;0;0;0;0;0
" ";" ";" ";"Sv�mning";780;1020;1150;1310;1730;1290;1450;1540;1660
" ";" ";" ";"Tennis";340;320;220;230;290;320;320;320;360
" ";" ";" ";"Volleyball";0;20;10;20;0;20;20;20;10
" ";" ";" ";"V�gtl�ftning";0;0;0;0;0;0;0;10;10
